INSERT INTO `iphones` (`id`,`model`,`name`,`stok_spare`,`stok_ready`,`display`,`os`,`rearcam`,`selfie`,`chipset`,`battery`,`dimention`,`show`,`img`) VALUES 
(1,'ip_15_pro_max','Iphone 15 Pro Max',0,0,'Super Retina OLED, 1242x2688','iOS 18.2.1','12MP(wide), 12MP(tele)','7MP','Apple A17 Pro (3nm)','Li-Ion 3174 mAh (12.08Wh)','157.5x77.4x7.7mm',1,'https://i.ibb.co.com/QX5Khmk/15-pro-black-titanium.png'),
(2,'ip_15_pro','Iphone 15 Pro',0,0,'Super Retina OLED, 1242x2689','iOS 18.2.2','12MP(wide), 12MP(tele)','7MP','Apple A17 Pro (3nm)','Li-Ion 3174 mAh (12.08Wh)','157.5x77.4x7.7mm',1,'https://i.ibb.co.com/QX5Khmk/15-pro-black-titanium.png'),
(3,'ip_15_plus','Iphone 15 Plus',0,0,'Super Retina OLED, 1242x2690','iOS 18.2.3','12MP(wide)','7MP','Apple A16 Bionic (4nm)','Li-Ion 3174 mAh (12.08Wh)','157.5x77.4x7.7mm',1,'https://i.ibb.co.com/DkrrNG3/15-pink.png'),
(4,'ip_15','Iphone 15',0,0,'Super Retina OLED, 1242x2691','iOS 18.2.4','12MP(wide)','7MP','Apple A16 Bionic (4nm)','Li-Ion 3174 mAh (12.08Wh)','157.5x77.4x7.7mm',1,'https://i.ibb.co.com/DkrrNG3/15-pink.png'),
(5,'ip_14_pro_max','Iphone 14 Pro Max',0,0,'Super Retina OLED, 1242x2692','iOS 18.2.5','12MP(wide), 12MP(tele)','7MP','Apple A16 Bionic (4nm)','Li-Ion 3174 mAh (12.08Wh)','157.5x77.4x7.7mm',1,'https://i.ibb.co.com/Ytxj2wP/14-pro-deep-purple.png'),
(6,'ip_14_pro','Iphone 14 Pro',0,0,'Super Retina OLED, 1242x2693','iOS 18.2.6','12MP(wide), 12MP(tele)','7MP','Apple A16 Bionic (4nm)','Li-Ion 3174 mAh (12.08Wh)','157.5x77.4x7.7mm',1,'https://i.ibb.co.com/Ytxj2wP/14-pro-deep-purple.png'),
(7,'ip_14_plus','Iphone 14 Plus',0,0,'Super Retina OLED, 1242x2694','iOS 18.2.7','12MP(wide)','7MP','Apple A15 Bionic (5nm)','Li-Ion 3174 mAh (12.08Wh)','157.5x77.4x7.7mm',1,'https://i.ibb.co.com/gZJg5Z1/14-blue.png'),
(8,'ip_14','Iphone 14',0,0,'Super Retina OLED, 1242x2695','iOS 18.2.8','12MP(wide)','7MP','Apple A15 Bionic (5nm)','Li-Ion 3174 mAh (12.08Wh)','157.5x77.4x7.7mm',1,'https://i.ibb.co.com/gZJg5Z1/14-blue.png'),
(9,'ip_13_pro_max','Iphone 13 Pro Max',0,0,'Super Retina OLED, 1242x2696','iOS 18.2.9','12MP(wide), 12MP(tele)','7MP','Apple A15 Bionic (5nm)','Li-Ion 3174 mAh (12.08Wh)','157.5x77.4x7.7mm',1,'https://i.ibb.co.com/Fn7MNv7/13-pro-sierra-blue.png'),
(10,'ip_13_pro','Iphone 13 Pro',0,0,'Super Retina OLED, 1242x2697','iOS 18.2.10','12MP(wide), 12MP(tele)','7MP','Apple A15 Bionic (5nm)','Li-Ion 3174 mAh (12.08Wh)','157.5x77.4x7.7mm',1,'https://i.ibb.co.com/Fn7MNv7/13-pro-sierra-blue.png'),
(11,'ip_13_plus','Iphone 13 Plus',0,0,'Super Retina OLED, 1242x2691','iOS 18.2.1','12MP(wide)','7MP','Apple A15 Bionic (5nm)','Li-Ion 3174 mAh (12.08Wh)','157.5x77.4x7.7mm',1,'https://i.ibb.co.com/FbtvyjY/13-Red.png'),
(12,'ip_13','Iphone 13',0,0,'Super Retina OLED, 1242x2691','iOS 18.2.1','12MP(wide)','7MP','Apple A15 Bionic (5nm)','Li-Ion 3174 mAh (12.08Wh)','157.5x77.4x7.7mm',1,'https://i.ibb.co.com/FbtvyjY/13-Red.png');


INSERT INTO `unit_colors`(`id`,`color`,`color_code`) VALUES
(1,'Natural Titanium','#8B8589'),
(2,'Blue Titanium','#5A8AA2'),
(3,'Black Titanium','#252525'),
(4,'White Titanium','#E5E5E5'),
(5,'Yellow','#FFFF00'),
(6,'Pink','#FFC0CB'),
(7,'Green','#008000'),
(8,'Blue','#0000FF'),
(9,'Black','#000000'),
(10,'Space Black','#1C1C1C'),
(11,'Gold','#FFD700'),
(12,'Deep Purple','#673AB7'),
(13,'Starlight','#F5F5F5'),
(14,'Silver','#C0C0C0'),
(15,'Purple','#800080'),
(16,'Midnight','#191970'),
(17,'Sierra Blue','#4682B4'),
(18,'Graphite','#4B4B4B'),
(19,'Alpine Green','#556B2F'),
(20,'Red','#FF0000');

INSERT INTO `unit_storages`(`id`,`capacity`) VALUES
(1,'64GB'),
(2,'128GB'),
(3,'256GB'),
(4,'512GB'),
(5,'1TB');

INSERT INTO `iphone_colors` (`id`,`iphone_id`,`unit_color_id`,`img`) VALUES
(1,12,8,'https://i.ibb.co.com/G54xHFz/13-blue.png'),
(2,11,8,'https://i.ibb.co.com/G54xHFz/13-blue.png'),
(3,12,7,'https://i.ibb.co.com/SPc2cvr/13-Green.png'),
(4,11,7,'https://i.ibb.co.com/SPc2cvr/13-Green.png'),
(5,12,16,'https://i.ibb.co.com/zH0H4sf/13-Midnight.png'),
(6,11,16,'https://i.ibb.co.com/zH0H4sf/13-Midnight.png'),
(7,12,6,'https://i.ibb.co.com/2PbYkr7/13-pink.png'),
(8,11,6,'https://i.ibb.co.com/2PbYkr7/13-pink.png'),
(9,12,20,'https://i.ibb.co.com/FbtvyjY/13-Red.png'),
(10,11,20,'https://i.ibb.co.com/FbtvyjY/13-Red.png'),
(11,10,19,'https://i.ibb.co.com/WyPXmLy/13-pro-alpine-green.png'),
(12,9,19,'https://i.ibb.co.com/WyPXmLy/13-pro-alpine-green.png'),
(13,10,11,'https://i.ibb.co.com/94KbKcg/13-pro-gold.png'),
(14,9,11,'https://i.ibb.co.com/94KbKcg/13-pro-gold.png'),
(15,10,18,'https://i.ibb.co.com/88kK672/13-pro-graphite.png'),
(16,9,18,'https://i.ibb.co.com/88kK672/13-pro-graphite.png'),
(17,10,17,'https://i.ibb.co.com/Fn7MNv7/13-pro-sierra-blue.png'),
(18,9,17,'https://i.ibb.co.com/Fn7MNv7/13-pro-sierra-blue.png'),
(19,10,14,'https://i.ibb.co.com/SB0GZkY/13-pro-silver.png'),
(20,9,14,'https://i.ibb.co.com/SB0GZkY/13-pro-silver.png'),
(21,8,8,'https://i.ibb.co.com/gZJg5Z1/14-blue.png'),
(22,7,8,'https://i.ibb.co.com/gZJg5Z1/14-blue.png'),
(23,8,15,'https://i.ibb.co.com/Xsr5HwY/14-purple.png'),
(24,7,15,'https://i.ibb.co.com/Xsr5HwY/14-purple.png'),
(25,8,14,'https://i.ibb.co.com/wgM7L7S/14-silver.png'),
(26,7,14,'https://i.ibb.co.com/wgM7L7S/14-silver.png'),
(27,8,13,'https://i.ibb.co.com/101ZLzg/14-starlight.png'),
(28,7,13,'https://i.ibb.co.com/101ZLzg/14-starlight.png'),
(29,8,5,'https://i.ibb.co.com/dpYFTkc/14-yellow.png'),
(30,7,5,'https://i.ibb.co.com/dpYFTkc/14-yellow.png'),
(31,6,12,'https://i.ibb.co.com/Ytxj2wP/14-pro-deep-purple.png'),
(32,5,12,'https://i.ibb.co.com/Ytxj2wP/14-pro-deep-purple.png'),
(33,6,11,'https://i.ibb.co.com/3Mf7NJ0/14-pro-gold.png'),
(34,5,11,'https://i.ibb.co.com/3Mf7NJ0/14-pro-gold.png'),
(35,6,10,'https://i.ibb.co.com/PxpDYPG/14-pro-space-black.png'),
(36,5,10,'https://i.ibb.co.com/PxpDYPG/14-pro-space-black.png'),
(37,4,9,'https://i.ibb.co.com/w7ts4VZ/15-black.png'),
(38,3,9,'https://i.ibb.co.com/w7ts4VZ/15-black.png'),
(39,4,8,'https://i.ibb.co.com/VTMLcSj/15-blue.png'),
(40,3,8,'https://i.ibb.co.com/VTMLcSj/15-blue.png'),
(41,4,7,'https://i.ibb.co.com/JpWXfJ4/15-green.png'),
(42,3,7,'https://i.ibb.co.com/JpWXfJ4/15-green.png'),
(43,4,6,'https://i.ibb.co.com/DkrrNG3/15-pink.png'),
(44,3,6,'https://i.ibb.co.com/DkrrNG3/15-pink.png'),
(45,4,5,'https://i.ibb.co.com/JrzkGF3/15-yellow.png'),
(46,3,5,'https://i.ibb.co.com/JrzkGF3/15-yellow.png'),
(47,2,3,'https://i.ibb.co.com/QX5Khmk/15-pro-black-titanium.png'),
(48,1,3,'https://i.ibb.co.com/QX5Khmk/15-pro-black-titanium.png'),
(49,2,2,'https://i.ibb.co.com/CBPmjq2/15-pro-blue-titanium.png'),
(50,1,2,'https://i.ibb.co.com/CBPmjq2/15-pro-blue-titanium.png'),
(51,2,1,'https://i.ibb.co.com/zGLg5Pn/15-pro-natural-titanium.png'),
(52,1,1,'https://i.ibb.co.com/zGLg5Pn/15-pro-natural-titanium.png'),
(53,2,4,'https://i.ibb.co.com/hgX9HRC/15-pro-white-titanium.png'),
(54,1,4,'https://i.ibb.co.com/hgX9HRC/15-pro-white-titanium.png');

INSERT INTO `iphone_storages` (`id`,`iphone_id`,`unit_storage_id`) VALUES
(1,12,2),
(2,12,3),
(3,12,4),
(4,12,5),
(5,11,2),
(6,11,3),
(7,11,4),
(8,11,5),
(9,10,2),
(10,10,3),
(11,10,4),
(12,10,5),
(13,9,2),
(14,9,3),
(15,9,4),
(16,9,5),
(17,8,2),
(18,8,3),
(19,8,4),
(20,8,5),
(21,7,2),
(22,7,3),
(23,7,4),
(24,7,5),
(25,6,2),
(26,6,3),
(27,6,4),
(28,6,5),
(29,5,2),
(30,5,3),
(31,5,4),
(32,5,5),
(33,4,2),
(34,4,3),
(35,4,4),
(36,4,5),
(37,3,2),
(38,3,3),
(39,3,4),
(40,3,5),
(41,2,2),
(42,2,3),
(43,2,4),
(44,2,5),
(45,1,2),
(46,1,3),
(47,1,4),
(48,1,5);

